field,correct,total,accuracy,errors
has_tattoo,441,442,0.997737556561086,1
tattoo_size,273,442,0.6176470588235294,169
tattoo_color,397,442,0.8981900452488688,45
contains_text,399,442,0.9027149321266968,43
tattoo_count,387,442,0.8755656108597285,55
